Résumé;Clé de ticket;ID de ticket;ID parent;Type de ticket;état;Clé de projet;Nom du projet;Type de projet;Chef de projet;Description du projet;URL du projet;Priorité;Résolution;Responsable;Rapporteur;Créateur;Création;Mise à jour;Dernier affichage;Résolue;Date d'échéance;Votes;Descriptif;Environnement;Gérer les observateurs;Estimation originale;Estimation restante;Temps consacré;Ratio du travail réel comparé à l'estimation;l' Estimation originale;l' Estimation restante;le Temps consacré;Niveau de sécurité;Champs personnalisés (Epic Color);Champs personnalisés (Epic Link);Champs personnalisés (Epic Name);Champs personnalisés (Epic Status);Champs personnalisés (Rank);Sprint;Champs personnalisés (Story Points);;
Fix permition issues;DEV-70;10401;10295;Sous-tâche;Fini;DEV;DevOps;software;adminjira;;;Medium;Terminé;dalbiaz.lekoubou;dalbiaz.lekoubou;dalbiaz.lekoubou;29/avr./22 12:31 PM;29/avr./22 12:31 PM;05/oct./22 9:44 AM;29/avr./22 12:31 PM;;0;;;dalbiaz.lekoubou;;;;;;;;;;;;;0|i000k7:;SEMAINE 25/04 - 08/05;;;
Collect logs from private ip;DEV-69;10400;10295;Sous-tâche;En cours;DEV;DevOps;software;adminjira;;;Medium;;dalbiaz.lekoubou;dalbiaz.lekoubou;dalbiaz.lekoubou;29/avr./22 12:29 PM;29/avr./22 1:11 PM;05/oct./22 9:47 AM;;;0;;;dalbiaz.lekoubou;;;;;;;;;;;;;0|i000jz:;SEMAINE 25/04 - 08/05;;;
Add the picture cropping feature just like it is on the edit campaign page picture upload;VER-2;10312;10311;Sous-tâche;A faire;VER;Vertivalraise;software;adminjira;;;High;;;aristide.mbassi;aristide.mbassi;29/avr./22 9:02 AM;29/avr./22 9:02 AM;05/oct./22 9:43 AM;;;0;;;aristide.mbassi;;;;;;;;;;;;;0|i000jr:;;;;
Auto approve picture upload changes;VER-1;10311;;Récit;A faire;VER;Vertivalraise;software;adminjira;;;High;;aristide.mbassi;aristide.mbassi;aristide.mbassi;29/avr./22 8:58 AM;29/avr./22 9:01 AM;05/oct./22 9:47 AM;;;0;Make it so the system will auto approve certain pages.;;;;;;;;;;;;;;;;;;;
;;;;;;;;;;;;;;;;;;;;;;;;;;;;;;;;;;;;;;;;;;
"*I think we will need to add a section for the rep to upload the logo on this page so that it gets uploaded to Amply since this will be approved right away. This will also upload the logo to the system so the success email will have the logo in the PDF.""";;aristide.mbassi;;;;;;;;;;;;;0|i000jj:;;;;;;;;;;;;;;;;;;;;;;;;;;;
Add network lab server logs ;DEV-68;10310;10295;Sous-tâche;Fini;DEV;DevOps;software;adminjira;;;Medium;Terminé;dalbiaz.lekoubou;dalbiaz.lekoubou;dalbiaz.lekoubou;28/avr./22 4:10 PM;28/avr./22 4:11 PM;05/oct./22 9:47 AM;28/avr./22 4:10 PM;;0;;;dalbiaz.lekoubou;;;;;;;;;;;;;0|i000jb:;SEMAINE 25/04 - 08/05;;;
Variabilize docker compose file;DEV-67;10309;10295;Sous-tâche;Fini;DEV;DevOps;software;adminjira;;;Medium;Terminé;dalbiaz.lekoubou;dalbiaz.lekoubou;dalbiaz.lekoubou;28/avr./22 4:09 PM;28/avr./22 4:10 PM;05/oct./22 9:47 AM;28/avr./22 4:10 PM;;0;;;dalbiaz.lekoubou;;;;;;;;;;;;;0|i000j3:;SEMAINE 25/04 - 08/05;;;
Configure HTTPS;DEV-66;10308;10295;Sous-tâche;Fini;DEV;DevOps;software;adminjira;;;Medium;Terminé;dalbiaz.lekoubou;dalbiaz.lekoubou;dalbiaz.lekoubou;27/avr./22 8:51 AM;29/avr./22 1:10 PM;05/oct./22 9:47 AM;29/avr./22 1:10 PM;;0;;;dalbiaz.lekoubou;;;;;;;;;;;;;0|i000iv:;SEMAINE 25/04 - 08/05;;;
Configure Graylog to read containers logs;DEV-65;10307;10295;Sous-tâche;Fini;DEV;DevOps;software;adminjira;;;Medium;Terminé;dalbiaz.lekoubou;dalbiaz.lekoubou;dalbiaz.lekoubou;27/avr./22 8:50 AM;28/avr./22 4:09 PM;05/oct./22 9:47 AM;28/avr./22 4:09 PM;;0;;;dalbiaz.lekoubou;;;;;;;;;;;;;0|i000in:;SEMAINE 25/04 - 08/05;;;
Read documention on elasticsearch and Graylog;DEV-64;10306;10295;Sous-tâche;Fini;DEV;DevOps;software;adminjira;;;Medium;Terminé;dalbiaz.lekoubou;dalbiaz.lekoubou;dalbiaz.lekoubou;26/avr./22 1:21 PM;27/avr./22 8:50 AM;05/oct./22 9:47 AM;27/avr./22 8:50 AM;;0;;;dalbiaz.lekoubou;;;;;;;;;;;;;0|i000i7:;SEMAINE 25/04 - 08/05;;;
Write docker-compose;DEV-63;10305;10295;Sous-tâche;Fini;DEV;DevOps;software;adminjira;;;Medium;Terminé;;dalbiaz.lekoubou;dalbiaz.lekoubou;26/avr./22 1:16 PM;27/avr./22 8:48 AM;05/oct./22 9:47 AM;27/avr./22 8:48 AM;;0;;;dalbiaz.lekoubou;;;;;;;;;;;;;0|i000if:;SEMAINE 25/04 - 08/05;;;
Configure upload size limit nexus;DEV-62;10304;10296;Sous-tâche;Fini;DEV;DevOps;software;adminjira;;;Medium;Terminé;dalbiaz.lekoubou;dalbiaz.lekoubou;dalbiaz.lekoubou;26/avr./22 10:42 AM;26/avr./22 10:58 AM;05/oct./22 9:47 AM;26/avr./22 10:58 AM;;0;;;dalbiaz.lekoubou;;;;;;;;;;;;;0|i000hz:;SEMAINE 25/04 - 08/05;;;
Configuration de zoho mail;AFA-27;10303;;Récit;A faire;AFA;AFA;software;adminjira;;;Medium;;adminjira;adminjira;adminjira;26/avr./22 9:41 AM;26/avr./22 9:41 AM;05/oct./22 9:47 AM;;;0;;;adminjira;;;;;;;;;;AFA-26;;;0|i000hr:;;;;
Configurer zoho mail pour l'ajout des adresses emails du client;AFA-26;10302;;épopée;A faire;AFA;AFA;software;adminjira;;;Medium;;;adminjira;adminjira;26/avr./22 9:41 AM;26/avr./22 9:41 AM;05/oct./22 9:47 AM;;;0;;;adminjira;;;;;;;;;ghx-label-13;;Configuration des mails;To Do;0|i000hj:;;;;
Push and pull user service image;DEV-61;10301;10296;Sous-tâche;Fini;DEV;DevOps;software;adminjira;;;Medium;Terminé;dalbiaz.lekoubou;dalbiaz.lekoubou;dalbiaz.lekoubou;26/avr./22 9:41 AM;26/avr./22 1:13 PM;05/oct./22 9:47 AM;26/avr./22 1:13 PM;;0;;;dalbiaz.lekoubou;;;;;;;;;;;;;0|i000hb:;SEMAINE 25/04 - 08/05;;;
Push and pull frontend image;DEV-60;10300;10296;Sous-tâche;Fini;DEV;DevOps;software;adminjira;;;Medium;Terminé;dalbiaz.lekoubou;dalbiaz.lekoubou;dalbiaz.lekoubou;26/avr./22 9:39 AM;26/avr./22 10:58 AM;05/oct./22 9:47 AM;26/avr./22 10:58 AM;;0;;;dalbiaz.lekoubou;;;;;;;;;;;;;0|i000h3:;SEMAINE 25/04 - 08/05;;;
Installer collabora office et matcher avec nextcloud;DEV-59;10299;;Récit;Fini;DEV;DevOps;software;adminjira;;;Medium;Terminé;adminjira;adminjira;adminjira;26/avr./22 9:39 AM;04/05/2022 08:24;05/oct./22 9:47 AM;04/05/2022 08:24;;0;;;adminjira;;;;;;;;;;;;;0|i000gv:;;;;
push and pull compagny managemt image;DEV-58;10298;10296;Sous-tâche;Fini;DEV;DevOps;software;adminjira;;;Medium;Terminé;dalbiaz.lekoubou;dalbiaz.lekoubou;dalbiaz.lekoubou;26/avr./22 9:35 AM;26/avr./22 11:45 AM;05/oct./22 9:47 AM;26/avr./22 11:45 AM;;0;;;dalbiaz.lekoubou;;;;;;;;;;;;;0|i000gn:;SEMAINE 25/04 - 08/05;;;
Deploy and configure internal services;DEV-57;10297;;épopée;A faire;DEV;DevOps;software;adminjira;;;Medium;;;dalbiaz.lekoubou;dalbiaz.lekoubou;26/avr./22 9:30 AM;26/avr./22 9:33 AM;05/oct./22 9:47 AM;;;0;;;dalbiaz.lekoubou;;;;;;;;;ghx-label-11;;Graylog Deployment;To Do;0|i000gf:;;;;
Push and pull networklab frontend & backend from nexus in gitlab ci;DEV-56;10296;;Récit;Fini;DEV;DevOps;software;adminjira;;;Medium;Terminé;dalbiaz.lekoubou;dalbiaz.lekoubou;dalbiaz.lekoubou;26/avr./22 9:21 AM;26/avr./22 1:13 PM;05/oct./22 9:47 AM;26/avr./22 1:13 PM;;0;;;dalbiaz.lekoubou;;;;;;;;;;DEV-14;;;0|i0002j:r;SEMAINE 25/04 - 08/05;;;
Deploy and Configure Graylog on Nextcloud server;DEV-55;10295;;Récit;En cours;DEV;DevOps;software;adminjira;;;Medium;;dalbiaz.lekoubou;dalbiaz.lekoubou;dalbiaz.lekoubou;26/avr./22 9:17 AM;26/avr./22 1:14 PM;05/oct./22 9:47 AM;;;0;;;dalbiaz.lekoubou;;;;;;;;;;DEV-57;;;0|i0002j:w;SEMAINE 25/04 - 08/05;;;
Déployer l'application front-end dms-mbs-client;DEV-54;10294;;Récit;Fini;DEV;DevOps;software;adminjira;;;Medium;Terminé;adminjira;adminjira;adminjira;26/avr./22 8:23 AM;26/avr./22 9:31 AM;05/oct./22 9:47 AM;26/avr./22 9:31 AM;;0;;;adminjira;;;;;;;;;;;;;0|i000g7:;;;;
Reading about Terraform;DEV-53;10293;;Récit;A faire;DEV;DevOps;software;adminjira;;;Medium;;;dalbiaz.lekoubou;dalbiaz.lekoubou;26/avr./22 8:20 AM;26/avr./22 9:12 AM;05/oct./22 9:47 AM;;;0;;;dalbiaz.lekoubou;;;;;;;;;;;;;0|i000fz:;;;;
push image with another user other than admin;DEV-52;10292;;Récit;Fini;DEV;DevOps;software;adminjira;;;Medium;Terminé;dalbiaz.lekoubou;dalbiaz.lekoubou;dalbiaz.lekoubou;25/avr./22 1:35 PM;25/avr./22 1:51 PM;05/oct./22 9:47 AM;25/avr./22 1:51 PM;;0;;;dalbiaz.lekoubou;;;;;;;;;;DEV-40;;;0|i0002j:i;SEMAINE 25/04 - 08/05;;;
YGVFG;DEV-51;10291;;Tâche;A faire;DEV;DevOps;software;adminjira;;;Medium;;;leslie.mbango;leslie.mbango;25/avr./22 9:46 AM;25/avr./22 9:46 AM;05/oct./22 9:47 AM;;;0;;;leslie.mbango;;;;;;;;;;DEV-14;;;0|i0002m:;SEMAINE 25/04 - 08/05;;;
Configure Https for push and pull ;DEV-50;10290;;Récit;Fini;DEV;DevOps;software;adminjira;;;Medium;Terminé;dalbiaz.lekoubou;dalbiaz.lekoubou;dalbiaz.lekoubou;25/avr./22 9:37 AM;25/avr./22 1:10 PM;05/oct./22 9:47 AM;25/avr./22 1:10 PM;;0;;;dalbiaz.lekoubou;;;;;;;;;;DEV-40;;;0|i0002j:;SEMAINE 25/04 - 08/05;;;
Write user documentation;DEV-49;10289;;Récit;Fini;DEV;DevOps;software;adminjira;;;Medium;Terminé;dalbiaz.lekoubou;dalbiaz.lekoubou;dalbiaz.lekoubou;21/avr./22 11:35 AM;25/avr./22 2:24 PM;05/oct./22 9:47 AM;25/avr./22 2:24 PM;;0;;;dalbiaz.lekoubou;;;;;;;;;;DEV-40;;;0|i0002i:;SEMAINE 25/04 - 08/05;;;
Deployer un cluster Kubernetes avec Terraform sur DigitalOcean;DEV-48;10288;;Récit;A faire;DEV;DevOps;software;adminjira;;;Medium;;marie.mbanga;adminjira;adminjira;21/avr./22 8:28 AM;04/05/2022 15:52;05/oct./22 9:47 AM;;;0;;;adminjira;;;;;;;;;;DEV-43;;;0|i0002d:i;SEMAINE 25/04 - 08/05;;;
Déploiement l'api et le front-end;FM-10;10287;;épopée;A faire;FM;FILE MANAGEMENT;software;adminjira;;;Medium;;;adminjira;adminjira;21/avr./22 8:26 AM;21/avr./22 8:27 AM;05/oct./22 9:47 AM;;;0;;;adminjira;;;;;;;;;ghx-label-9;;Déploiement api et front-end;To Do;0|i000fr:;;;;
Quick training terraform;DEV-47;10286;;Récit;Fini;DEV;DevOps;software;adminjira;;;Medium;Terminé;marie.mbanga;adminjira;adminjira;21/avr./22 8:22 AM;25/avr./22 9:04 AM;05/oct./22 9:47 AM;25/avr./22 9:04 AM;;0;;;adminjira;;;;;;;;;;DEV-43;;;0|i0002c:;SEMAINE 11/04 - 23/04;;;
Integrer le code qa avec stylelint; dast; phpstan et php security audit; styleci dans le pipeline du projet test;DEV-46;10285;;Récit;Fini;DEV;DevOps;software;adminjira;;;Medium;Terminé;marie.mbanga;adminjira;adminjira;21/avr./22 8:21 AM;21/avr./22 8:30 AM;05/oct./22 9:47 AM;21/avr./22 8:30 AM;;0;;;adminjira;;;;;;;;;;DEV-13;;;0|i00010:;SEMAINE 11/04 - 23/04
Integrer clair-scaner dans les pipelines CI/CD;DEV-45;10284;;Récit;Fini;DEV;DevOps;software;adminjira;;;Medium;Terminé;marie.mbanga;adminjira;adminjira;21/avr./22 8:19 AM;21/avr./22 8:30 AM;05/oct./22 9:47 AM;21/avr./22 8:30 AM;;0;;;adminjira;;;;;;;;;;DEV-13;;;0|i0001i:;SEMAINE 11/04 - 23/04;;;
Déployer les applications Api et Front-end;DEV-44;10283;;épopée;A faire;DEV;DevOps;software;adminjira;;;Medium;;;adminjira;adminjira;21/avr./22 8:18 AM;25/avr./22 10:46 PM;05/oct./22 9:47 AM;;;0;;;adminjira;;;;;;;;;ghx-label-7;;Déploiement l'api et le front-end;To Do;0|i000fb:;;;;
Prise en main de TERRAFORM pour IAC;DEV-43;10282;;épopée;A faire;DEV;DevOps;software;adminjira;;;Medium;;;adminjira;adminjira;21/avr./22 8:17 AM;21/avr./22 8:28 AM;05/oct./22 9:47 AM;;;0;;;adminjira;;;;;;;;;ghx-label-5;;Prise en main de TERRAFORM pour IAC;To Do;0|i000f3:;;;;
Déployer l'api de file management;FM-9;10281;;Récit;Fini;FM;FILE MANAGEMENT;software;adminjira;;;Medium;Terminé;adminjira;adminjira;adminjira;21/avr./22 8:12 AM;21/avr./22 8:28 AM;05/oct./22 9:47 AM;21/avr./22 8:28 AM;;0;;;adminjira;;;;;;;;;;FM-10;;;0|i000d6:;FM Sprint  SEMAINE 11-16/2022;;;
Configure Nexus to run as services; in other to run on server reboot;DEV-42;10280;;Récit;Fini;DEV;DevOps;software;adminjira;;;Medium;Terminé;dalbiaz.lekoubou;dalbiaz.lekoubou;dalbiaz.lekoubou;20/avr./22 3:29 PM;25/avr./22 9:03 AM;05/oct./22 9:43 AM;25/avr./22 9:03 AM;;0;;;dalbiaz.lekoubou;;;;;;;;;;DEV-40;;;0|i0002b:w;SEMAINE 11/04 - 23/04;;
Read documentation on prerequisis; installation method.;DEV-41;10279;;Récit;Fini;DEV;DevOps;software;adminjira;;;Medium;Terminé;dalbiaz.lekoubou;dalbiaz.lekoubou;dalbiaz.lekoubou;20/avr./22 3:07 PM;25/avr./22 9:03 AM;05/oct./22 9:47 AM;25/avr./22 9:03 AM;;0;;;dalbiaz.lekoubou;;;;;;;;;;DEV-40;;;0|i0002a:x;SEMAINE 11/04 - 23/04;;
have our own private docker repo;DEV-40;10278;;épopée;A faire;DEV;DevOps;software;adminjira;;;Medium;;;dalbiaz.lekoubou;dalbiaz.lekoubou;20/avr./22 3:03 PM;25/avr./22 1:35 PM;05/oct./22 9:47 AM;;;0;;;dalbiaz.lekoubou;;;;;;;;;ghx-label-3;;Install Nexus Repository Manag;To Do;0|i000ev:;;;;
Update .gilab_ci code to meet variabilization; and ansible script that has been reorganize;DEV-39;10277;;Récit;Fini;DEV;DevOps;software;adminjira;;;Medium;Terminé;dalbiaz.lekoubou;dalbiaz.lekoubou;dalbiaz.lekoubou;20/avr./22 2:53 PM;20/avr./22 2:56 PM;05/oct./22 9:47 AM;20/avr./22 2:56 PM;;0;;;dalbiaz.lekoubou;;;;;;;;;;DEV-14;;;0|i0002a:y;SEMAINE 11/04 - 23/04;;
Fix mange-users code with MR review suggestions;DEV-38;10276;;Récit;Fini;DEV;DevOps;software;adminjira;;;Medium;Terminé;dalbiaz.lekoubou;dalbiaz.lekoubou;dalbiaz.lekoubou;20/avr./22 2:51 PM;20/avr./22 2:55 PM;05/oct./22 9:47 AM;20/avr./22 2:55 PM;;0;;;dalbiaz.lekoubou;;;;;;;;;;DEV-34;;;0|i0002a:w;SEMAINE 11/04 - 23/04;;;
Reorgasize ansible code for manual docker deployment playbook; and gitlab_ci playbook;DEV-37;10275;;Récit;Fini;DEV;DevOps;software;adminjira;;;Medium;Terminé;dalbiaz.lekoubou;dalbiaz.lekoubou;dalbiaz.lekoubou;20/avr./22 2:47 PM;20/avr./22 2:57 PM;05/oct./22 9:47 AM;20/avr./22 2:57 PM;;0;;;dalbiaz.lekoubou;;;;;;;;;;DEV-14;;;0|i0002a:r;SEMAINE 11/04 - 23/04;;
Rédaction du document de conception du projet;AFA-25;10274;;Récit;Fini;AFA;AFA;software;adminjira;;;Medium;Terminé;adminjira;adminjira;adminjira;20/avr./22 6:26 AM;26/avr./22 9:43 AM;05/oct./22 9:47 AM;26/avr./22 9:43 AM;;0;;;adminjira;;;;;;;;;;AFA-23;;;0|i000en:;AFA SEMAINE 11-16 /2022;;;
Update remove user Script;DEV-36;10273;;Récit;Fini;DEV;DevOps;software;adminjira;;;Medium;Terminé;dalbiaz.lekoubou;dalbiaz.lekoubou;dalbiaz.lekoubou;15/avr./22 4:17 PM;15/avr./22 4:18 PM;05/oct./22 9:47 AM;15/avr./22 4:18 PM;;0;;;dalbiaz.lekoubou;;;;;;;;;;DEV-34;;;0|i0002a:h;SEMAINE 11/04 - 23/04;;;
Update Read me after code has been refactored;DEV-35;10272;;Récit;Fini;DEV;DevOps;software;adminjira;;;Medium;Terminé;dalbiaz.lekoubou;dalbiaz.lekoubou;dalbiaz.lekoubou;15/avr./22 4:16 PM;15/avr./22 4:18 PM;05/oct./22 9:47 AM;15/avr./22 4:18 PM;;0;;;dalbiaz.lekoubou;;;;;;;;;;DEV-34;;;0|i0002a:g;SEMAINE 11/04 - 23/04;;;
Automation-Ansible;DEV-34;10271;;épopée;A faire;DEV;DevOps;software;adminjira;;;Medium;;;dalbiaz.lekoubou;dalbiaz.lekoubou;14/avr./22 12:10 PM;20/avr./22 2:55 PM;05/oct./22 9:47 AM;;;0;;;dalbiaz.lekoubou;;;;;;;;;ghx-label-1;;Autaumate User creation to a given Server;To Do;0|i000ef:;;;;
Update Playbook README;DEV-33;10270;;Récit;Fini;DEV;DevOps;software;adminjira;;;Medium;Terminé;dalbiaz.lekoubou;dalbiaz.lekoubou;dalbiaz.lekoubou;14/avr./22 11:19 AM;14/avr./22 12:08 PM;05/oct./22 9:47 AM;14/avr./22 12:08 PM;;0;;;dalbiaz.lekoubou;;;;;;;;;;DEV-14;;;0|i0002a:f;SEMAINE 11/04 - 23/04;;;
Edit Ansible script + Gitlab pipeline README;DEV-32;10269;;Récit;Fini;DEV;DevOps;software;adminjira;;;Medium;Terminé;dalbiaz.lekoubou;dalbiaz.lekoubou;dalbiaz.lekoubou;14/avr./22 11:18 AM;14/avr./22 11:28 AM;05/oct./22 9:47 AM;14/avr./22 11:25 AM;;0;;;dalbiaz.lekoubou;;;;;;;;;;DEV-14;;;0|i0002a:c;SEMAINE 11/04 - 23/04;;;
Read public key from a common folder;DEV-31;10268;;Récit;Fini;DEV;DevOps;software;adminjira;;;Medium;Terminé;dalbiaz.lekoubou;dalbiaz.lekoubou;dalbiaz.lekoubou;14/avr./22 11:17 AM;15/avr./22 4:12 PM;05/oct./22 9:47 AM;15/avr./22 4:12 PM;;0;Read public key of the local user serveur from a common folder in order to add with user name and right;;;;;;;;;;;;;;;;;;;
;;;;;;;;;;;;;;;;;;;;;;;;;;;;;;;;;;;;;;;;;;
"Â """;;dalbiaz.lekoubou;;;;;;;;;;DEV-34;;;0|i0002b:;SEMAINE 11/04 - 23/04;;;;;;;;;;;;;;;;;;;;;;;;;;
Add Ansible vault to Frontend Ansible script for piline;DEV-30;10267;;Récit;Fini;DEV;DevOps;software;adminjira;;;Medium;Terminé;dalbiaz.lekoubou;dalbiaz.lekoubou;dalbiaz.lekoubou;14/avr./22 11:04 AM;20/avr./22 2:42 PM;05/oct./22 9:47 AM;20/avr./22 2:42 PM;;0;;;dalbiaz.lekoubou;;;;;;;;;;DEV-14;;;0|i0002a:9;SEMAINE 11/04 - 23/04;;;
Write frontend Ansible scipt for for Gitlab pipiline;DEV-29;10266;;Récit;A faire;DEV;DevOps;software;adminjira;;;Medium;;;dalbiaz.lekoubou;dalbiaz.lekoubou;14/avr./22 11:03 AM;26/avr./22 8:19 AM;05/oct./22 9:47 AM;;;0;;;dalbiaz.lekoubou;;;;;;;;;;;;;0|i0002l:;;;;
Rédaction du cahier de conception du projet ;AFA-24;10265;;Récit;En cours;AFA;AFA;software;adminjira;;;Medium;;;adminjira;adminjira;13/avr./22 2:16 PM;19/avr./22 9:09 AM;05/oct./22 9:47 AM;;;0;;;adminjira;;;;;;;;;;AFA-23;;;0|i000dz:;;;;
Dans cette partie nous regroupons tout ce qui est mise en place du projet avant l'étape de dev proprement dite;AFA-23;10264;;épopée;A faire;AFA;AFA;software;adminjira;;;Medium;;;adminjira;adminjira;13/avr./22 2:13 PM;26/avr./22 9:41 AM;05/oct./22 9:47 AM;;;0;;;adminjira;;;;;;;;;ghx-label-13;;Conception du projet;To Do;0|i000dr:;;;;
Module gestion des utilisateurs;AFA-22;10263;;épopée;A faire;AFA;AFA;software;adminjira;;;Medium;;;adminjira;adminjira;13/avr./22 2:04 PM;13/avr./22 2:05 PM;05/oct./22 9:47 AM;;;0;;;adminjira;;;;;;;;;ghx-label-11;;Module gestion des utilisateurs;To Do;0|i000dj:;;;;
Ajout d'une etape de scan d'image docker avec Clair-scanner dans les pipelines CI des projets internes;DEV-28;10262;;Récit;Fini;DEV;DevOps;software;adminjira;;;Medium;Terminé;marie.mbanga;adminjira;adminjira;13/avr./22 1:10 PM;15/avr./22 12:52 PM;05/oct./22 9:47 AM;15/avr./22 12:52 PM;;0;;;adminjira;;;;;;;;;;DEV-13;;;0|i0001z:4;SEMAINE 11/04 - 23/04;;;
Modifier les chaines de connexion et code du front pour qu'il consomme l'api;FM-8;10261;;Récit;En cours;FM;FILE MANAGEMENT;software;adminjira;;;Medium;;cabraule.ketchanga;adminjira;adminjira;13/avr./22 1:00 PM;13/avr./22 1:03 PM;05/oct./22 9:47 AM;;;0;;;adminjira;;;;;;;;;;FM-2;;;0|i000cn:;FM Sprint  SEMAINE 11-16/2022;;;
Tester le crud depuis les interfaces de l'application;FM-7;10260;;Récit;En cours;FM;FILE MANAGEMENT;software;adminjira;;;Medium;;cabraule.ketchanga;adminjira;adminjira;13/avr./22 12:58 PM;15/avr./22 1:05 PM;05/oct./22 9:47 AM;;;0;;;adminjira;;;;;;;;;;FM-2;;;0|i000cf:;FM Sprint  SEMAINE 11-16/2022;;;
Tester les endpoints sous plusieurs environnement;FM-6;10259;;Récit;En cours;FM;FILE MANAGEMENT;software;adminjira;;;Medium;;cabraule.ketchanga;adminjira;adminjira;13/avr./22 12:51 PM;13/avr./22 1:03 PM;05/oct./22 9:47 AM;;;0;;;adminjira;;;;;;;;;;FM-1;;;0|i000d1:;FM Sprint  SEMAINE 11-16/2022;;;
Conteneuriser l'application et tester le Dockerfile;FM-5;10258;;Récit;Fini;FM;FILE MANAGEMENT;software;adminjira;;;Medium;Terminé;cabraule.ketchanga;adminjira;adminjira;13/avr./22 12:50 PM;13/avr./22 1:02 PM;05/oct./22 9:47 AM;13/avr./22 1:02 PM;;0;;;adminjira;;;;;;;;;;FM-1;;;0|i000d0:;FM Sprint  SEMAINE 11-16/2022;;;
Documenter les endpoints;FM-4;10257;;Récit;Fini;FM;FILE MANAGEMENT;software;adminjira;;;Medium;Terminé;cabraule.ketchanga;adminjira;adminjira;13/avr./22 12:49 PM;13/avr./22 1:03 PM;05/oct./22 9:47 AM;13/avr./22 1:03 PM;;0;;;adminjira;;;;;;;;;;FM-1;;;0|i000d3:;FM Sprint  SEMAINE 11-16/2022;;;
Developper les endpoints;FM-3;10256;;Récit;Fini;FM;FILE MANAGEMENT;software;adminjira;;;Medium;Terminé;cabraule.ketchanga;adminjira;adminjira;13/avr./22 12:49 PM;13/avr./22 1:02 PM;05/oct./22 9:47 AM;13/avr./22 1:02 PM;;0;;;adminjira;;;;;;;;;;FM-1;;;0|i000cv:;FM Sprint  SEMAINE 11-16/2022;;;
Integrer l'API et frontEND;FM-2;10255;;épopée;A faire;FM;FILE MANAGEMENT;software;adminjira;;;Medium;;;adminjira;adminjira;13/avr./22 12:48 PM;13/avr./22 1:00 PM;05/oct./22 9:47 AM;;;0;;;adminjira;;;;;;;;;ghx-label-9;;Integrer l'API et frontEND;To Do;0|i000bb:;;;;
Developer l'API et tester;FM-1;10254;;épopée;Fini;FM;FILE MANAGEMENT;software;adminjira;;;Medium;Terminé;;adminjira;adminjira;13/avr./22 12:47 PM;15/avr./22 1:05 PM;05/oct./22 9:47 AM;15/avr./22 1:05 PM;;0;;;adminjira;;;;;;;;;ghx-label-7;;Developer l'API et tester;To Do;0|i000b3:;;;;
toto;NLF-10;10253;;Récit;A faire;NLF;Network Lab Frontend;software;adminjira;;;Medium;;;adminjira;adminjira;13/avr./22 12:41 PM;13/avr./22 12:41 PM;05/oct./22 9:47 AM;;;0;;;adminjira;;;;;;;;;;NLF-8;;;0|i000av:;;;;
Tests fonctionnels;NLF-9;10252;;épopée;A faire;NLF;Network Lab Frontend;software;adminjira;;;Medium;;;adminjira;adminjira;13/avr./22 12:36 PM;13/avr./22 12:36 PM;05/oct./22 9:47 AM;;;0;;;adminjira;;;;;;;;;ghx-label-5;;Tests fonctionnels;To Do;0|i000an:;;;;
Module gestion des Labs;NLF-8;10251;;épopée;A faire;NLF;Network Lab Frontend;software;adminjira;;;Medium;;;adminjira;adminjira;13/avr./22 12:35 PM;13/avr./22 12:41 PM;05/oct./22 9:47 AM;;;0;;;adminjira;;;;;;;;;ghx-label-2;;Module gestion des Labs;To Do;0|i000af:;;;;
Module gestion des compagnies;NLF-7;10250;;épopée;A faire;NLF;Network Lab Frontend;software;adminjira;;;Medium;;;adminjira;adminjira;13/avr./22 12:34 PM;13/avr./22 12:38 PM;05/oct./22 9:47 AM;;;0;;;adminjira;;;;;;;;;ghx-label-13;;Module gestion des compagnies;To Do;0|i000a7:;;;;
Module gestion des utilisateurs ;NLF-6;10249;;épopée;A faire;NLF;Network Lab Frontend;software;adminjira;;;Medium;;;adminjira;adminjira;13/avr./22 12:33 PM;13/avr./22 12:38 PM;05/oct./22 9:47 AM;;;0;;;adminjira;;;;;;;;;ghx-label-11;;Module gestion des utilisateurs ;To Do;0|i0009z:;;;;
Review ansible playbook in order to deploy frontend only in gitlab-ci;DEV-27;10248;;Récit;Fini;DEV;DevOps;software;adminjira;;;Medium;Terminé;dalbiaz.lekoubou;dalbiaz.lekoubou;dalbiaz.lekoubou;13/avr./22 10:54 AM;14/avr./22 11:29 AM;05/oct./22 9:47 AM;14/avr./22 11:25 AM;;0;;;dalbiaz.lekoubou;;;;;;;;;;DEV-14;;;0|i0002a:i;SEMAINE 11/04 - 23/04;;;
Mise à jour dossier du personnel;AR-1;10247;;Tâche;A faire;AR;ADMISTRATION RHOPENLABS;business;adminjira;;;Medium;;leslie.mbango;leslie.mbango;leslie.mbango;13/avr./22 9:32 AM;13/avr./22 9:32 AM;05/oct./22 9:47 AM;;;0;;;leslie.mbango;;;;;;;;;;;;;0|i0009r:;;;;
Create docker account with pro email address;DEV-26;10246;;Récit;Fini;DEV;DevOps;software;adminjira;;;Medium;Terminé;dalbiaz.lekoubou;dalbiaz.lekoubou;dalbiaz.lekoubou;13/avr./22 9:23 AM;14/avr./22 11:29 AM;05/oct./22 9:47 AM;13/avr./22 9:28 AM;;0;;;dalbiaz.lekoubou;;;;;;;;;;DEV-14;;;0|i00029:;SEMAINE 11/04 - 23/04;;;
Parametrer l'application;DEV-25;10245;;Récit;A faire;DEV;DevOps;software;adminjira;;;Medium;;adminjira;adminjira;adminjira;12/avr./22 1:41 PM;25/avr./22 9:08 AM;05/oct./22 9:47 AM;;;0;;;adminjira;;;;;;;;;;DEV-22;;;0|i0002k:;SEMAINE 25/04 - 08/05;;;
Documenter les installations;DEV-24;10244;;Récit;A faire;DEV;DevOps;software;adminjira;;;Medium;;adminjira;adminjira;adminjira;12/avr./22 1:41 PM;25/avr./22 9:08 AM;05/oct./22 9:47 AM;;;0;;;adminjira;;;;;;;;;;DEV-22;;;0|i0002g:;SEMAINE 25/04 - 08/05;;;
Deployer NextCloud avec docker sur un serveur d'Infra;DEV-23;10243;;Récit;Fini;DEV;DevOps;software;adminjira;;;Medium;Terminé;adminjira;adminjira;adminjira;12/avr./22 1:40 PM;21/avr./22 11:34 AM;05/oct./22 9:47 AM;21/avr./22 11:34 AM;;0;;;adminjira;;;;;;;;;;DEV-22;;;0|i0002b:i;SEMAINE 11/04 - 23/04;;;
Deploiement de NextCloud;DEV-22;10242;;épopée;Fini;DEV;DevOps;software;adminjira;;;Medium;Terminé;;adminjira;adminjira;12/avr./22 1:39 PM;04/05/2022 08:27;05/oct./22 9:47 AM;04/05/2022 08:27;;0;;;adminjira;;;;;;;;;ghx-label-8;;Deploiement de NextCloud;To Do;0|i0008v:;;;;
Documenter les installations de SONARQUBE;DEV-21;10241;;Récit;Fini;DEV;DevOps;software;adminjira;;;Medium;Terminé;marie.mbanga;adminjira;adminjira;12/avr./22 1:35 PM;15/avr./22 12:51 PM;05/oct./22 9:47 AM;15/avr./22 12:51 PM;;0;;;adminjira;;;;;;;;;;DEV-13;;;0|i0001z:9;SEMAINE 11/04 - 23/04;;;
securiser le domaine de sonarqube;DEV-20;10240;;Récit;Fini;DEV;DevOps;software;adminjira;;;Medium;Terminé;marie.mbanga;adminjira;adminjira;12/avr./22 1:35 PM;12/avr./22 1:37 PM;05/oct./22 9:47 AM;12/avr./22 1:37 PM;;0;;;adminjira;;;;;;;;;;DEV-13;;;0|i0001w:;SEMAINE 11/04 - 23/04;;;
Creer script ansible degestion des droits et utilisateurs sur les serveurs;DEV-19;10239;;Récit;Fini;DEV;DevOps;software;adminjira;;;Medium;Terminé;dalbiaz.lekoubou;adminjira;adminjira;12/avr./22 1:27 PM;12/avr./22 1:34 PM;05/oct./22 9:47 AM;12/avr./22 1:34 PM;;0;;;adminjira;;;;;;;;;;DEV-14;;;0|i00023:i;SEMAINE 11/04 - 23/04;;;
Configuration du runner gitlab;DEV-18;10238;;Récit;Fini;DEV;DevOps;software;adminjira;;;Medium;Terminé;dalbiaz.lekoubou;adminjira;adminjira;12/avr./22 1:27 PM;14/avr./22 11:26 AM;05/oct./22 9:47 AM;14/avr./22 11:26 AM;;0;;;adminjira;;;;;;;;;;DEV-14;;;0|i00020:;SEMAINE 11/04 - 23/04;;;
Ajout pipeline CI/CD gitlab;DEV-17;10237;;Récit;Fini;DEV;DevOps;software;adminjira;;;Medium;Terminé;dalbiaz.lekoubou;adminjira;adminjira;12/avr./22 1:26 PM;14/avr./22 11:00 AM;05/oct./22 9:47 AM;14/avr./22 11:00 AM;;0;;;adminjira;;;;;;;;;;DEV-14;;;0|i00024:;SEMAINE 11/04 - 23/04;;;
Deploiement manuel sur docker;DEV-16;10236;;Récit;Fini;DEV;DevOps;software;adminjira;;;Medium;Terminé;dalbiaz.lekoubou;adminjira;adminjira;12/avr./22 1:24 PM;12/avr./22 1:34 PM;05/oct./22 9:47 AM;12/avr./22 1:34 PM;;0;;;adminjira;;;;;;;;;;DEV-14;;;0|i00023:;SEMAINE 11/04 - 23/04;;;
Ecrire le script ansible et deploiement;DEV-15;10235;;Récit;Fini;DEV;DevOps;software;adminjira;;;Medium;Terminé;dalbiaz.lekoubou;adminjira;adminjira;12/avr./22 1:24 PM;12/avr./22 1:33 PM;05/oct./22 9:47 AM;12/avr./22 1:33 PM;;0;;;adminjira;;;;;;;;;;DEV-14;;;0|i00026:;SEMAINE 11/04 - 23/04;;;
Implementer le deploiement avec Ansible du projet Frontend network lab;DEV-14;10234;;épopée;A faire;DEV;DevOps;software;adminjira;;;Medium;;;adminjira;adminjira;12/avr./22 1:21 PM;26/avr./22 9:28 AM;05/oct./22 9:47 AM;;;0;;;adminjira;;;;;;;;;ghx-label-6;;Implementer le deploiement avec Ansible du projet Frontend network lab;To Do;0|i0008n:;;;;
Prise en main du code quality testing;DEV-13;10233;;épopée;A faire;DEV;DevOps;software;adminjira;;;Medium;;;adminjira;adminjira;12/avr./22 1:19 PM;21/avr./22 8:21 AM;05/oct./22 9:47 AM;;;0;;;adminjira;;;;;;;;;ghx-label-4;;Prise en main dcod quality testing;To Do;0|i0008f:;;;;
Disaster Recovery Planing;DEV-12;10232;;épopée;A faire;DEV;DevOps;software;adminjira;;;Medium;;;adminjira;adminjira;12/avr./22 1:13 PM;23/avr./22 2:31 PM;05/oct./22 9:47 AM;;;0;;;adminjira;;;;;;;;;ghx-label-1;;Mise en place d'un systeme DRP des infras ;To Do;0|i00087:;;;;
Mettre en place le login automatique;NLF-5;10231;;Récit;Fini;NLF;Network Lab Frontend;software;adminjira;;;Medium;Terminé;thimotee.kenmogne;adminjira;adminjira;12/avr./22 1:08 PM;18/avr./22 8:31 AM;05/oct./22 9:47 AM;18/avr./22 8:31 AM;;0;;;adminjira;;;;;;;;;;NLF-6;;;0|i0007z:;NLFTable Semaine 11-16/04;;;
Terminer les redirections d'authentification;NLF-4;10230;;Récit;Fini;NLF;Network Lab Frontend;software;adminjira;;;Medium;Terminé;thimotee.kenmogne;adminjira;adminjira;12/avr./22 1:08 PM;13/avr./22 12:40 PM;05/oct./22 9:47 AM;13/avr./22 12:40 PM;;0;;;adminjira;;;;;;;;;;NLF-6;;;0|i0007r:;NLFTable Semaine 11-16/04;;;
Faire la page de profile d'un eleve;NLF-3;10229;;Récit;Fini;NLF;Network Lab Frontend;software;adminjira;;;Medium;Terminé;thimotee.kenmogne;thimotee.kenmogne;adminjira;12/avr./22 1:07 PM;13/avr./22 12:40 PM;05/oct./22 9:47 AM;13/avr./22 12:40 PM;;0;;;adminjira;;;;;;;;;;NLF-7;;;0|i00085:;NLFTable Semaine 11-16/04;;;
Faire la page de profile d'un enseignant;NLF-2;10228;;Récit;Fini;NLF;Network Lab Frontend;software;adminjira;;;Medium;Terminé;thimotee.kenmogne;adminjira;adminjira;12/avr./22 1:06 PM;13/avr./22 12:40 PM;05/oct./22 9:47 AM;13/avr./22 12:40 PM;;0;;;adminjira;;;;;;;;;;NLF-7;;;0|i00084:;NLFTable Semaine 11-16/04;;;
Faire la page de profile d'une company;NLF-1;10227;;Récit;Fini;NLF;Network Lab Frontend;software;adminjira;;;Medium;Terminé;thimotee.kenmogne;adminjira;adminjira;12/avr./22 1:05 PM;13/avr./22 12:40 PM;05/oct./22 9:47 AM;13/avr./22 12:40 PM;;0;;;adminjira;;;;;;;;;;NLF-7;;;0|i00073:;NLFTable Semaine 11-16/04;;;
Visualiser un live streaming vidéo depuis youtube;AFA-21;10226;;Récit;A faire;AFA;AFA;software;adminjira;;;Medium;;;adminjira;adminjira;12/avr./22 11:03 AM;12/avr./22 11:03 AM;05/oct./22 9:47 AM;;;0;;;adminjira;;;;;;;;;;;;;0|i0006v:;;;;
Poser des questions sur le site en renseignant au minimum son nom et son adresse mail ;AFA-20;10225;;Récit;A faire;AFA;AFA;software;adminjira;;;Medium;;;adminjira;adminjira;12/avr./22 11:02 AM;12/avr./22 11:02 AM;05/oct./22 9:43 AM;;;0;;;adminjira;;;;;;;;;;;;;0|i0006n:;;;;
Changer la langue entre le français et l'anglais;AFA-19;10224;;Récit;A faire;AFA;AFA;software;adminjira;;;Medium;;;adminjira;adminjira;12/avr./22 11:02 AM;12/avr./22 11:02 AM;05/oct./22 9:47 AM;;;0;;;adminjira;;;;;;;;;;;;;0|i0006f:;;;;
Visualiser les annonces et les publicités sur le site;AFA-18;10223;;Récit;A faire;AFA;AFA;software;adminjira;;;Medium;;;adminjira;adminjira;12/avr./22 11:02 AM;12/avr./22 11:02 AM;05/oct./22 9:47 AM;;;0;;;adminjira;;;;;;;;;;;;;0|i00067:;;;;
Visualiser la présentation des entreprises partenaires;AFA-17;10222;;Récit;A faire;AFA;AFA;software;adminjira;;;Medium;;;adminjira;adminjira;12/avr./22 11:02 AM;12/avr./22 11:02 AM;05/oct./22 9:47 AM;;;0;;;adminjira;;;;;;;;;;;;;0|i0005z:;;;;
Visualiser les stats des matchs en fonction des critères de recherche (date du match; saison; etc);AFA-16;10221;;Récit;A faire;AFA;AFA;software;adminjira;;;Medium;;;adminjira;adminjira;12/avr./22 11:01 AM;12/avr./22 11:01 AM;05/oct./22 9:47 AM;;;0;;;adminjira;;;;;;;;;;;;;0|i0005r:;;
Consulter les programmes de marche sportives; football messieurs et dames;AFA-15;10220;;Récit;A faire;AFA;AFA;software;adminjira;;;Medium;;;adminjira;adminjira;12/avr./22 11:01 AM;12/avr./22 11:01 AM;05/oct./22 9:47 AM;;;0;;;adminjira;;;;;;;;;;;;;0|i0005j:;;;
Visualiser la présentation de la mission; des photos des membres; l'organigramme de l'association;AFA-14;10219;;Récit;A faire;AFA;AFA;software;adminjira;;;Medium;;;adminjira;adminjira;12/avr./22 10:55 AM;12/avr./22 10:55 AM;05/oct./22 9:47 AM;;;0;;;adminjira;;;;;;;;;;;;;0|i0005b:;;
Visualiser les différentes pages de présentation de l'APECAM (président; historique; fonctionnement);AFA-13;10218;;Récit;A faire;AFA;AFA;software;adminjira;;;Medium;;;adminjira;adminjira;12/avr./22 10:55 AM;12/avr./22 10:55 AM;05/oct./22 9:47 AM;;;0;;;adminjira;;;;;;;;;;;;;0|i00053:;;
Enregistrer la liste des matchs; le classement des équipes par saison; les joueurs par club.;AFA-12;10217;;Récit;A faire;AFA;AFA;software;adminjira;;;Medium;;;adminjira;adminjira;12/avr./22 10:54 AM;12/avr./22 10:54 AM;05/oct./22 9:47 AM;;;0;;;adminjira;;;;;;;;;;;;;0|i0004v:;;
Créer les partenaires sur la plateforme et ajouter les informations de présentation de ces partenaires (nom; description; secteur d'activité; etcâ€¦.);AFA-11;10216;;Récit;A faire;AFA;AFA;software;adminjira;;;Medium;;;adminjira;adminjira;12/avr./22 10:54 AM;12/avr./22 10:54 AM;05/oct./22 9:47 AM;;;0;;;adminjira;;;;;;;;;;;;;0|i0004n:;
La réponse aux questions des internautes se fait directement via l'application ou alors via la boÃ®te de mail privée de la plateforme(Je propose via l'application directement) ?;AFA-10;10215;;Récit;A faire;AFA;AFA;software;adminjira;;;Medium;;;adminjira;adminjira;12/avr./22 10:54 AM;12/avr./22 10:54 AM;05/oct./22 9:47 AM;;;0;;;adminjira;;;;;;;;;;;;;0|i0004f:;;;;
Publier les visuels photos et vidéos ;AFA-9;10214;;Récit;A faire;AFA;AFA;software;adminjira;;;Medium;;;adminjira;adminjira;12/avr./22 10:54 AM;12/avr./22 10:54 AM;05/oct./22 9:47 AM;;;0;;;adminjira;;;;;;;;;;;;;0|i00047:;;;;
Lister les questions posées par les utilisateurs sur le site;AFA-8;10213;;Récit;A faire;AFA;AFA;software;adminjira;;;Medium;;;adminjira;adminjira;12/avr./22 10:53 AM;12/avr./22 10:53 AM;05/oct./22 9:47 AM;;;0;;;adminjira;;;;;;;;;;;;;0|i0003z:;;;;
Visualiser les statistiques d'utilisation du site ;AFA-7;10212;;Récit;A faire;AFA;AFA;software;adminjira;;;Medium;;;adminjira;adminjira;12/avr./22 10:53 AM;12/avr./22 10:53 AM;05/oct./22 9:47 AM;;;0;;;adminjira;;;;;;;;;;;;;0|i0003r:;;;;
Enregistrer; modifier et supprimer les annonces et publicités des différents partenaires;AFA-6;10211;;Récit;A faire;AFA;AFA;software;adminjira;;;Medium;;adminjira;adminjira;adminjira;12/avr./22 10:53 AM;13/avr./22 3:37 PM;05/oct./22 9:47 AM;;;0;;;adminjira;;;;;;;;;;;;;0|i0003j:;;;
Enregistrer les statistiques à la fin des matchs (score; meilleur buteur; nombre de cartons; photo du meilleur buteur; etcâ€¦);AFA-5;10210;;Récit;A faire;AFA;AFA;software;adminjira;;;Medium;;adminjira;adminjira;adminjira;12/avr./22 10:53 AM;13/avr./22 3:37 PM;05/oct./22 9:47 AM;;;0;;;adminjira;;;;;;;;;;AFA-22;;;0|i0003b:
Enregistrer les informations sur les saisons;AFA-4;10209;;Récit;A faire;AFA;AFA;software;adminjira;;;Medium;;adminjira;adminjira;adminjira;12/avr./22 10:52 AM;13/avr./22 3:37 PM;05/oct./22 9:47 AM;;;0;;;adminjira;;;;;;;;;;;;;0|i00033:;;;;
Lister; enregistrer et modifier les programmes de football dames et messieurs;AFA-3;10208;;Récit;A faire;AFA;AFA;software;adminjira;;;Medium;;adminjira;adminjira;adminjira;12/avr./22 10:52 AM;13/avr./22 3:36 PM;05/oct./22 9:47 AM;;;0;;;adminjira;;;;;;;;;;;;;0|i0002v:;;;
Lister; enregistrer et modifier les programmes de marche sportive;AFA-2;10207;;Récit;A faire;AFA;AFA;software;adminjira;;;Medium;;adminjira;adminjira;adminjira;12/avr./22 10:52 AM;13/avr./22 3:36 PM;05/oct./22 9:47 AM;;;0;;;adminjira;;;;;;;;;;;;;0|i0002n:;;;
Connexion à la plateforme en utilisant une adresse email; un mot de passe et réinitialisation de son mot de passe;AFA-1;10206;;Récit;A faire;AFA;AFA;software;adminjira;;;Medium;;;adminjira;adminjira;12/avr./22 10:52 AM;13/avr./22 2:03 PM;05/oct./22 9:47 AM;;;0;;;adminjira;;;;;;;;;;;;;0|i00044:;;;
Integrer l'etape test avec sonarqube  dans le CI de tous les projets internes GITLAB;DEV-11;10205;;Récit;Fini;DEV;DevOps;software;adminjira;;;Medium;Terminé;marie.mbanga;adminjira;adminjira;11/avr./22 9:37 AM;15/avr./22 12:51 PM;05/oct./22 9:47 AM;15/avr./22 12:51 PM;;0;;;adminjira;;;;;;;;;;DEV-13;;;0|i0001z:i;SEMAINE 11/04 - 23/04;;;
Lancer le WEB UI de sonarqube dans un container docker;DEV-10;10204;;Récit;Fini;DEV;DevOps;software;adminjira;;;Medium;Terminé;marie.mbanga;adminjira;adminjira;11/avr./22 9:36 AM;12/avr./22 1:37 PM;05/oct./22 9:47 AM;12/avr./22 1:37 PM;;0;;;adminjira;;;;;;;;;;DEV-13;;;0|i0001z:;SEMAINE 11/04 - 23/04;;;
Rediger un plan DRP complet avec Backup; Replica; Monitor;DEV-9;10203;;Récit;Fini;DEV;DevOps;software;adminjira;;;Medium;Terminé;marie.mbanga;adminjira;adminjira;08/avr./22 3:21 PM;21/avr./22 8:16 AM;05/oct./22 9:47 AM;21/avr./22 8:16 AM;;0;;;adminjira;;;;;;;;;;DEV-12;;;0|i0002a:;SEMAINE 11/04 - 23/04;
Planifier et tester l'exécution automatique du playbook;DEV-8;10202;;Récit;A faire;DEV;DevOps;software;adminjira;;;Medium;;marie.mbanga;adminjira;adminjira;08/avr./22 3:18 PM;25/avr./22 9:07 AM;05/oct./22 9:47 AM;;;0;;;adminjira;;;;;;;;;;DEV-12;;;0|i0002e:;SEMAINE 25/04 - 08/05;;;
Ecrire et tester un playbook ansible qui execute le script de backup sur les serveurs distants;DEV-7;10201;;Récit;A faire;DEV;DevOps;software;adminjira;;;Medium;;marie.mbanga;adminjira;adminjira;08/avr./22 3:17 PM;25/avr./22 9:07 AM;05/oct./22 9:47 AM;;;0;;;adminjira;;;;;;;;;;DEV-12;;;0|i0002d:;SEMAINE 25/04 - 08/05;;;
Implementer et tester un script de backup vers s3 digital Ocean avec le client aws-cli sous linux;DEV-6;10200;;Récit;Fini;DEV;DevOps;software;adminjira;;;Medium;Terminé;marie.mbanga;adminjira;adminjira;08/avr./22 3:16 PM;21/avr./22 8:16 AM;05/oct./22 9:47 AM;21/avr./22 8:16 AM;;0;;;adminjira;;;;;;;;;;DEV-12;;;0|i00029:i;SEMAINE 11/04 - 23/04;;;
Documenter les installations sur GITLAB;DEV-5;10103;;Récit;Fini;DEV;DevOps;software;adminjira;;;Medium;Terminé;marie.mbanga;adminjira;adminjira;05/avr./22 2:51 PM;08/avr./22 3:20 PM;05/oct./22 9:47 AM;07/avr./22 9:51 AM;;0;;;adminjira;;;;;;;;;;;;;0|i0000v:;Deploiememt ODOO;;;
SETUP Odoo activer les modules demandes par la compta et creer les comptes des utilisateurs;DEV-4;10102;;Récit;Fini;DEV;DevOps;software;adminjira;;;Medium;Terminé;marie.mbanga;adminjira;adminjira;05/avr./22 2:50 PM;08/avr./22 3:20 PM;05/oct./22 9:47 AM;06/avr./22 3:40 PM;;0;;;adminjira;;;;;;;;;;;;;0|i0000n:;Deploiememt ODOO;;;
Creer un sous-domaine pour odoo et securiser le sous-domaine;DEV-3;10101;;Récit;Fini;DEV;DevOps;software;adminjira;;;Medium;Terminé;marie.mbanga;adminjira;adminjira;05/avr./22 2:50 PM;06/avr./22 3:40 PM;05/oct./22 9:47 AM;06/avr./22 3:40 PM;;0;;;adminjira;;;;;;;;;;;;;0|i0000f:;Deploiememt ODOO;;;
Configurer le vhost odoo ngnix et demarrer le conteneur ;DEV-2;10100;;Récit;Fini;DEV;DevOps;software;adminjira;;;Medium;Terminé;marie.mbanga;adminjira;adminjira;05/avr./22 2:49 PM;06/avr./22 3:40 PM;05/oct./22 9:47 AM;06/avr./22 3:40 PM;;0;;;adminjira;;;;;;;;;;;;;0|i00007:;Deploiememt ODOO;;;
Demarrer le conteneur de Odoo et postgres;DEV-1;10000;;Récit;Fini;DEV;DevOps;software;adminjira;;;Medium;Terminé;marie.mbanga;adminjira;adminjira;05/avr./22 2:42 PM;06/avr./22 3:39 PM;05/oct./22 9:47 AM;06/avr./22 3:39 PM;;0;;;adminjira;;;;;;;;;;;;;0|hzzzzz:;Deploiememt ODOO;;;
